Graph String Name,Masrik Form of adjacency matrix
I?AA@?OA?,"[0 1 0 0 0 0 0 0 0 0]
[1 0 0 0 0 0 0 0 0 0]
[0 0 0 1 0 0 0 0 0 0]
[0 0 1 0 0 0 0 0 0 0]
[0 0 0 0 0 1 0 0 0 0]
[0 0 0 0 1 0 0 0 0 0]
[0 0 0 0 0 0 0 1 0 0]
[0 0 0 0 0 0 1 0 0 0]
[0 0 0 0 0 0 0 0 0 1]
[0 0 0 0 0 0 0 0 1 0]"
I?BE@_gE?,"[0 1 1 0 0 0 0 0 0 0]
[1 0 0 1 0 0 0 0 0 0]
[1 0 0 1 0 0 0 0 0 0]
[0 1 1 0 0 0 0 0 0 0]
[0 0 0 0 0 1 1 0 0 0]
[0 0 0 0 1 0 0 1 0 0]
[0 0 0 0 1 0 0 0 1 0]
[0 0 0 0 0 1 0 0 0 1]
[0 0 0 0 0 0 1 0 0 1]
[0 0 0 0 0 0 0 1 1 0]"
I?BDA_gE?,"[0 1 1 0 0 0 0 0 0 0]
[1 0 0 1 0 0 0 0 0 0]
[1 0 0 0 1 0 0 0 0 0]
[0 1 0 0 0 1 0 0 0 0]
[0 0 1 0 0 0 1 0 0 0]
[0 0 0 1 0 0 0 1 0 0]
[0 0 0 0 1 0 0 0 1 0]
[0 0 0 0 0 1 0 0 0 1]
[0 0 0 0 0 0 1 0 0 1]
[0 0 0 0 0 0 0 1 1 0]"
I?`D@POD?,"[0 1 1 0 0 0 0 0 0 0]
[1 0 0 1 0 0 0 0 0 0]
[1 0 0 0 1 0 0 0 0 0]
[0 1 0 0 1 0 0 0 0 0]
[0 0 1 1 0 0 0 0 0 0]
[0 0 0 0 0 0 1 1 0 0]
[0 0 0 0 0 1 0 0 1 0]
[0 0 0 0 0 1 0 0 0 1]
[0 0 0 0 0 0 1 0 0 1]
[0 0 0 0 0 0 0 1 1 0]"
I?`CR?oD?,"[0 1 1 0 0 0 0 0 0 0]
[1 0 0 1 0 0 0 0 0 0]
[1 0 0 0 1 0 0 0 0 0]
[0 1 0 0 0 1 0 0 0 0]
[0 0 1 0 0 0 1 0 0 0]
[0 0 0 1 0 0 1 0 0 0]
[0 0 0 0 1 1 0 0 0 0]
[0 0 0 0 0 0 0 0 1 1]
[0 0 0 0 0 0 0 1 0 1]
[0 0 0 0 0 0 0 1 1 0]"
I?`CQGoK?,"[0 1 1 0 0 0 0 0 0 0]
[1 0 1 0 0 0 0 0 0 0]
[1 1 0 0 0 0 0 0 0 0]
[0 0 0 0 1 1 0 0 0 0]
[0 0 0 1 0 0 1 0 0 0]
[0 0 0 1 0 0 1 0 0 0]
[0 0 0 0 1 1 0 0 0 0]
[0 0 0 0 0 0 0 0 1 1]
[0 0 0 0 0 0 0 1 0 1]
[0 0 0 0 0 0 0 1 1 0]"
I?BeeOwM?,"[0 1 1 1 0 0 0 0 0 0]
[1 0 0 0 1 1 0 0 0 0]
[1 0 0 0 1 1 0 0 0 0]
[1 0 0 0 0 0 1 1 0 0]
[0 1 1 0 0 0 0 0 1 0]
[0 1 1 0 0 0 0 0 0 1]
[0 0 0 1 0 0 0 0 1 1]
[0 0 0 1 0 0 0 0 1 1]
[0 0 0 0 1 0 1 1 0 0]
[0 0 0 0 0 1 1 1 0 0]"
I?Bcu`gM?,"[0 1 1 1 0 0 0 0 0 0]
[1 0 0 0 1 1 0 0 0 0]
[1 0 0 0 0 0 1 1 0 0]
[1 0 0 0 1 0 1 0 0 0]
[0 1 0 1 0 0 0 0 1 0]
[0 1 0 0 0 0 0 0 1 1]
[0 0 1 1 0 0 0 0 0 1]
[0 0 1 0 0 0 0 0 1 1]
[0 0 0 0 1 1 0 1 0 0]
[0 0 0 0 0 1 1 1 0 0]"
I?bFB_wF?,"[0 1 1 1 0 0 0 0 0 0]
[1 0 0 0 1 1 0 0 0 0]
[1 0 0 0 1 0 1 0 0 0]
[1 0 0 0 0 0 1 1 0 0]
[0 1 1 0 0 0 0 0 1 0]
[0 1 0 0 0 0 0 1 1 0]
[0 0 1 1 0 0 0 0 0 1]
[0 0 0 1 0 1 0 0 0 1]
[0 0 0 0 1 1 0 0 0 1]
[0 0 0 0 0 0 1 1 1 0]"
I?bEHow[?,"[0 1 1 1 0 0 0 0 0 0]
[1 0 0 0 1 1 0 0 0 0]
[1 0 0 0 0 0 1 1 0 0]
[1 0 0 0 0 0 1 1 0 0]
[0 1 0 0 0 1 0 0 1 0]
[0 1 0 0 1 0 0 0 1 0]
[0 0 1 1 0 0 0 0 0 1]
[0 0 1 1 0 0 0 0 0 1]
[0 0 0 0 1 1 0 0 0 1]
[0 0 0 0 0 0 1 1 1 0]"
I?`bfAWF?,"[0 1 1 1 0 0 0 0 0 0]
[1 0 0 0 1 1 0 0 0 0]
[1 0 0 0 1 1 0 0 0 0]
[1 0 0 0 0 0 1 1 0 0]
[0 1 1 0 0 0 0 0 1 0]
[0 1 1 0 0 0 1 0 0 0]
[0 0 0 1 0 1 0 0 0 1]
[0 0 0 1 0 0 0 0 1 1]
[0 0 0 0 1 0 0 1 0 1]
[0 0 0 0 0 0 1 1 1 0]"
I?`cu`oJ?,"[0 1 1 1 0 0 0 0 0 0]
[1 0 0 0 1 1 0 0 0 0]
[1 0 0 0 1 0 1 0 0 0]
[1 0 0 0 0 0 1 1 0 0]
[0 1 1 0 0 0 0 0 1 0]
[0 1 0 0 0 0 0 0 1 1]
[0 0 1 1 0 0 0 1 0 0]
[0 0 0 1 0 0 1 0 0 1]
[0 0 0 0 1 1 0 0 0 1]
[0 0 0 0 0 1 0 1 1 0]"
I?`cspoX?,"[0 1 1 1 0 0 0 0 0 0]
[1 0 0 0 1 1 0 0 0 0]
[1 0 0 0 0 0 1 1 0 0]
[1 0 0 0 0 0 1 1 0 0]
[0 1 0 0 0 0 0 0 1 1]
[0 1 0 0 0 0 0 0 1 1]
[0 0 1 1 0 0 0 1 0 0]
[0 0 1 1 0 0 1 0 0 0]
[0 0 0 0 1 1 0 0 0 1]
[0 0 0 0 1 1 0 0 1 0]"
I?`bM_we?,"[0 1 1 1 0 0 0 0 0 0]
[1 0 1 1 0 0 0 0 0 0]
[1 1 0 0 1 0 0 0 0 0]
[1 1 0 0 0 1 0 0 0 0]
[0 0 1 0 0 0 1 1 0 0]
[0 0 0 1 0 0 1 0 1 0]
[0 0 0 0 1 1 0 0 0 1]
[0 0 0 0 1 0 0 0 1 1]
[0 0 0 0 0 1 0 1 0 1]
[0 0 0 0 0 0 1 1 1 0]"
I?`cm`gM?,"[0 1 1 1 0 0 0 0 0 0]
[1 0 0 0 1 1 0 0 0 0]
[1 0 0 0 0 0 1 1 0 0]
[1 0 0 0 1 0 1 0 0 0]
[0 1 0 1 0 0 0 0 1 0]
[0 1 0 0 0 0 0 1 0 1]
[0 0 1 1 0 0 0 0 0 1]
[0 0 1 0 0 1 0 0 1 0]
[0 0 0 0 1 0 0 1 0 1]
[0 0 0 0 0 1 1 0 1 0]"
I?`cmPoM?,"[0 1 1 1 0 0 0 0 0 0]
[1 0 0 0 1 1 0 0 0 0]
[1 0 0 0 0 0 1 1 0 0]
[1 0 0 0 1 0 1 0 0 0]
[0 1 0 1 0 0 0 0 1 0]
[0 1 0 0 0 0 1 0 0 1]
[0 0 1 1 0 1 0 0 0 0]
[0 0 1 0 0 0 0 0 1 1]
[0 0 0 0 1 0 0 1 0 1]
[0 0 0 0 0 1 0 1 1 0]"
I?`amQoM?,"[0 1 1 1 0 0 0 0 0 0]
[1 0 1 0 1 0 0 0 0 0]
[1 1 0 0 0 1 0 0 0 0]
[1 0 0 0 0 0 1 1 0 0]
[0 1 0 0 0 0 1 1 0 0]
[0 0 1 0 0 0 0 0 1 1]
[0 0 0 1 1 0 0 0 1 0]
[0 0 0 1 1 0 0 0 0 1]
[0 0 0 0 0 1 1 0 0 1]
[0 0 0 0 0 1 0 1 1 0]"
I?`c]`oM?,"[0 1 1 1 0 0 0 0 0 0]
[1 0 0 0 1 1 0 0 0 0]
[1 0 0 0 1 0 1 0 0 0]
[1 0 0 0 0 1 1 0 0 0]
[0 1 1 0 0 0 0 1 0 0]
[0 1 0 1 0 0 0 0 1 0]
[0 0 1 1 0 0 0 0 0 1]
[0 0 0 0 1 0 0 0 1 1]
[0 0 0 0 0 1 0 1 0 1]
[0 0 0 0 0 0 1 1 1 0]"
I?aKZ`o[?,"[0 1 1 1 0 0 0 0 0 0]
[1 0 0 0 1 1 0 0 0 0]
[1 0 0 0 1 1 0 0 0 0]
[1 0 0 0 1 1 0 0 0 0]
[0 1 1 1 0 0 0 0 0 0]
[0 1 1 1 0 0 0 0 0 0]
[0 0 0 0 0 0 0 1 1 1]
[0 0 0 0 0 0 1 0 1 1]
[0 0 0 0 0 0 1 1 0 1]
[0 0 0 0 0 0 1 1 1 0]"
ICOfBaKF?,"[0 1 1 1 0 0 0 0 0 0]
[1 0 0 0 1 1 0 0 0 0]
[1 0 0 0 0 0 1 1 0 0]
[1 0 0 0 0 0 1 0 1 0]
[0 1 0 0 0 0 0 1 1 0]
[0 1 0 0 0 0 1 0 0 1]
[0 0 1 1 0 1 0 0 0 0]
[0 0 1 0 1 0 0 0 0 1]
[0 0 0 1 1 0 0 0 0 1]
[0 0 0 0 0 1 0 1 1 0]"
ICOf@pSb?,"[0 1 1 1 0 0 0 0 0 0]
[1 0 0 0 1 1 0 0 0 0]
[1 0 0 0 0 0 1 1 0 0]
[1 0 0 0 0 0 0 0 1 1]
[0 1 0 0 0 0 1 0 1 0]
[0 1 0 0 0 0 0 1 0 1]
[0 0 1 0 1 0 0 0 0 1]
[0 0 1 0 0 1 0 0 1 0]
[0 0 0 1 1 0 0 1 0 0]
[0 0 0 1 0 1 1 0 0 0]"
ICOef?kF?,"[0 1 1 1 0 0 0 0 0 0]
[1 0 0 0 1 1 0 0 0 0]
[1 0 0 0 0 0 1 1 0 0]
[1 0 0 0 1 0 0 0 1 0]
[0 1 0 1 0 1 0 0 0 0]
[0 1 0 0 1 0 0 0 0 1]
[0 0 1 0 0 0 0 1 1 0]
[0 0 1 0 0 0 1 0 0 1]
[0 0 0 1 0 0 1 0 0 1]
[0 0 0 0 0 1 0 1 1 0]"
ICOedPKL?,"[0 1 1 1 0 0 0 0 0 0]
[1 0 1 0 1 0 0 0 0 0]
[1 1 0 0 0 1 0 0 0 0]
[1 0 0 0 0 0 1 1 0 0]
[0 1 0 0 0 0 1 0 1 0]
[0 0 1 0 0 0 0 0 1 1]
[0 0 0 1 1 0 0 1 0 0]
[0 0 0 1 0 0 1 0 0 1]
[0 0 0 0 1 1 0 0 0 1]
[0 0 0 0 0 1 0 1 1 0]"
ICOedO[X?,"[0 1 1 1 0 0 0 0 0 0]
[1 0 1 0 1 0 0 0 0 0]
[1 1 0 0 0 1 0 0 0 0]
[1 0 0 0 0 0 1 1 0 0]
[0 1 0 0 0 0 1 0 1 0]
[0 0 1 0 0 0 1 0 0 1]
[0 0 0 1 1 1 0 0 0 0]
[0 0 0 1 0 0 0 0 1 1]
[0 0 0 0 1 0 0 1 0 1]
[0 0 0 0 0 1 0 1 1 0]"
ICQRD_kQ_,"[0 1 1 1 0 0 0 0 0 0]
[1 0 1 0 1 0 0 0 0 0]
[1 1 0 0 1 0 0 0 0 0]
[1 0 0 0 0 1 1 0 0 0]
[0 1 1 0 0 1 0 0 0 0]
[0 0 0 1 1 0 0 1 0 0]
[0 0 0 1 0 0 0 0 1 1]
[0 0 0 0 0 1 0 0 1 1]
[0 0 0 0 0 0 1 1 0 1]
[0 0 0 0 0 0 1 1 1 0]"
ICQRD_iR?,"[0 1 1 1 0 0 0 0 0 0]
[1 0 1 0 1 0 0 0 0 0]
[1 1 0 0 0 1 0 0 0 0]
[1 0 0 0 0 0 1 1 0 0]
[0 1 0 0 0 1 0 0 1 0]
[0 0 1 0 1 0 0 0 1 0]
[0 0 0 1 0 0 0 1 0 1]
[0 0 0 1 0 0 1 0 0 1]
[0 0 0 0 1 1 0 0 0 1]
[0 0 0 0 0 0 1 1 1 0]"
ICQRChgI_,"[0 1 1 1 0 0 0 0 0 0]
[1 0 1 0 1 0 0 0 0 0]
[1 1 0 0 0 1 0 0 0 0]
[1 0 0 0 1 1 0 0 0 0]
[0 1 0 1 0 1 0 0 0 0]
[0 0 1 1 1 0 0 0 0 0]
[0 0 0 0 0 0 0 1 1 1]
[0 0 0 0 0 0 1 0 1 1]
[0 0 0 0 0 0 1 1 0 1]
[0 0 0 0 0 0 1 1 1 0]"
I?BvUqw]?,"[0 1 1 1 1 0 0 0 0 0]
[1 0 0 0 0 1 1 1 0 0]
[1 0 0 0 0 1 1 0 1 0]
[1 0 0 0 0 1 0 1 1 0]
[1 0 0 0 0 0 1 1 1 0]
[0 1 1 1 0 0 0 0 0 1]
[0 1 1 0 1 0 0 0 0 1]
[0 1 0 1 1 0 0 0 0 1]
[0 0 1 1 1 0 0 0 0 1]
[0 0 0 0 0 1 1 1 1 0]"
I?betpw\?,"[0 1 1 1 1 0 0 0 0 0]
[1 0 0 0 0 1 1 1 0 0]
[1 0 0 0 0 1 1 0 1 0]
[1 0 0 0 0 1 0 0 1 1]
[1 0 0 0 0 0 1 0 1 1]
[0 1 1 1 0 0 0 1 0 0]
[0 1 1 0 1 0 0 1 0 0]
[0 1 0 0 0 1 1 0 0 1]
[0 0 1 1 1 0 0 0 0 1]
[0 0 0 1 1 0 0 1 1 0]"
I?bejpwm?,"[0 1 1 1 1 0 0 0 0 0]
[1 0 0 0 0 1 1 1 0 0]
[1 0 0 0 0 1 0 0 1 1]
[1 0 0 0 0 1 1 0 1 0]
[1 0 0 0 0 1 1 0 0 1]
[0 1 1 1 1 0 0 0 0 0]
[0 1 0 1 1 0 0 1 0 0]
[0 1 0 0 0 0 1 0 1 1]
[0 0 1 1 0 0 0 1 0 1]
[0 0 1 0 1 0 0 1 1 0]"
I?bc~`w]?,"[0 1 1 1 1 0 0 0 0 0]
[1 0 0 0 0 1 1 1 0 0]
[1 0 0 0 0 1 1 0 1 0]
[1 0 0 0 0 1 0 0 1 1]
[1 0 0 0 0 1 0 0 1 1]
[0 1 1 1 1 0 0 0 0 0]
[0 1 1 0 0 0 0 1 0 1]
[0 1 0 0 0 0 1 0 1 1]
[0 0 1 1 1 0 0 1 0 0]
[0 0 0 1 1 0 1 1 0 0]"
I?ba~`wm?,"[0 1 1 1 1 0 0 0 0 0]
[1 0 0 0 0 1 1 1 0 0]
[1 0 0 0 0 1 0 0 1 1]
[1 0 0 0 0 1 1 0 1 0]
[1 0 0 0 0 0 1 0 1 1]
[0 1 1 1 0 0 0 0 0 1]
[0 1 0 1 1 0 0 1 0 0]
[0 1 0 0 0 0 1 0 1 1]
[0 0 1 1 1 0 0 1 0 0]
[0 0 1 0 1 1 0 1 0 0]"
I?`rnRWm?,"[0 1 1 1 1 0 0 0 0 0]
[1 0 1 1 1 0 0 0 0 0]
[1 1 0 0 0 1 1 0 0 0]
[1 1 0 0 0 1 0 1 0 0]
[1 1 0 0 0 0 1 1 0 0]
[0 0 1 1 0 0 0 0 1 1]
[0 0 1 0 1 0 0 0 1 1]
[0 0 0 1 1 0 0 0 1 1]
[0 0 0 0 0 1 1 1 0 1]
[0 0 0 0 0 1 1 1 1 0]"
I?rFf_{N?,"[0 1 1 1 1 0 0 0 0 0]
[1 0 0 0 0 1 1 1 0 0]
[1 0 0 0 0 1 1 1 0 0]
[1 0 0 0 0 1 0 0 1 1]
[1 0 0 0 0 1 0 0 1 1]
[0 1 1 1 1 0 0 0 0 0]
[0 1 1 0 0 0 0 0 1 1]
[0 1 1 0 0 0 0 0 1 1]
[0 0 0 1 1 0 1 1 0 0]
[0 0 0 1 1 0 1 1 0 0]"
I?rDtps\?,"[0 1 1 1 1 0 0 0 0 0]
[1 0 1 0 0 1 1 0 0 0]
[1 1 0 0 0 1 0 1 0 0]
[1 0 0 0 0 1 0 0 1 1]
[1 0 0 0 0 1 0 0 1 1]
[0 1 1 1 1 0 0 0 0 0]
[0 1 0 0 0 0 0 1 1 1]
[0 0 1 0 0 0 1 0 1 1]
[0 0 0 1 1 0 1 1 0 0]
[0 0 0 1 1 0 1 1 0 0]"
I?rDrqs\?,"[0 1 1 1 1 0 0 0 0 0]
[1 0 1 0 0 1 1 0 0 0]
[1 1 0 0 0 0 0 1 1 0]
[1 0 0 0 0 1 0 1 0 1]
[1 0 0 0 0 1 0 1 0 1]
[0 1 0 1 1 0 1 0 0 0]
[0 1 0 0 0 1 0 0 1 1]
[0 0 1 1 1 0 0 0 1 0]
[0 0 1 0 0 0 1 1 0 1]
[0 0 0 1 1 0 1 0 1 0]"
I?qff`[N?,"[0 1 1 1 1 0 0 0 0 0]
[1 0 0 0 0 1 1 1 0 0]
[1 0 0 0 0 1 1 0 1 0]
[1 0 0 0 0 1 0 1 0 1]
[1 0 0 0 0 1 0 0 1 1]
[0 1 1 1 1 0 0 0 0 0]
[0 1 1 0 0 0 0 0 1 1]
[0 1 0 1 0 0 0 0 1 1]
[0 0 1 0 1 0 1 1 0 0]
[0 0 0 1 1 0 1 1 0 0]"
I?qbupsl?,"[0 1 1 1 1 0 0 0 0 0]
[1 0 1 0 0 1 1 0 0 0]
[1 1 0 0 0 1 0 1 0 0]
[1 0 0 0 0 0 0 1 1 1]
[1 0 0 0 0 1 0 1 1 0]
[0 1 1 0 1 0 1 0 0 0]
[0 1 0 0 0 1 0 0 1 1]
[0 0 1 1 1 0 0 0 0 1]
[0 0 0 1 1 0 1 0 0 1]
[0 0 0 1 0 0 1 1 1 0]"
I?qczro\?,"[0 1 1 1 1 0 0 0 0 0]
[1 0 0 0 0 1 1 1 0 0]
[1 0 0 0 0 1 0 0 1 1]
[1 0 0 0 0 0 1 0 1 1]
[1 0 0 0 0 0 0 1 1 1]
[0 1 1 0 0 0 1 0 1 0]
[0 1 0 1 0 1 0 1 0 0]
[0 1 0 0 1 0 1 0 0 1]
[0 0 1 1 1 1 0 0 0 0]
[0 0 1 1 1 0 0 1 0 0]"
I?qa|ro\?,"[0 1 1 1 1 0 0 0 0 0]
[1 0 0 0 0 1 1 1 0 0]
[1 0 0 0 0 1 1 0 1 0]
[1 0 0 0 0 0 0 1 1 1]
[1 0 0 0 0 1 0 0 1 1]
[0 1 1 0 1 0 0 1 0 0]
[0 1 1 0 0 0 0 0 1 1]
[0 1 0 1 0 1 0 0 0 1]
[0 0 1 1 1 0 1 0 0 0]
[0 0 0 1 1 0 1 1 0 0]"
I?qazrol?,"[0 1 1 1 1 0 0 0 0 0]
[1 0 0 0 0 1 1 1 0 0]
[1 0 0 0 0 1 1 0 1 0]
[1 0 0 0 0 0 0 1 1 1]
[1 0 0 0 0 1 0 0 1 1]
[0 1 1 0 1 0 1 0 0 0]
[0 1 1 0 0 1 0 0 0 1]
[0 1 0 1 0 0 0 0 1 1]
[0 0 1 1 1 0 0 1 0 0]
[0 0 0 1 1 0 1 1 0 0]"
I?ovUqs\?,"[0 1 1 1 1 0 0 0 0 0]
[1 0 1 1 0 1 0 0 0 0]
[1 1 0 0 0 1 1 0 0 0]
[1 1 0 0 0 1 0 1 0 0]
[1 0 0 0 0 0 1 1 1 0]
[0 1 1 1 0 0 0 0 0 1]
[0 0 1 0 1 0 0 0 1 1]
[0 0 0 1 1 0 0 0 1 1]
[0 0 0 0 1 0 1 1 0 1]
[0 0 0 0 0 1 1 1 1 0]"
I?ou\ro\?,"[0 1 1 1 1 0 0 0 0 0]
[1 0 0 0 0 1 1 1 0 0]
[1 0 0 0 0 1 1 1 0 0]
[1 0 0 0 0 1 0 0 1 1]
[1 0 0 0 0 0 1 0 1 1]
[0 1 1 1 0 0 0 0 1 0]
[0 1 1 0 1 0 0 1 0 0]
[0 1 1 0 0 0 1 0 0 1]
[0 0 0 1 1 1 0 0 0 1]
[0 0 0 1 1 0 0 1 1 0]"
I?otZrS{?,"[0 1 1 1 1 0 0 0 0 0]
[1 0 0 0 0 1 1 1 0 0]
[1 0 0 0 0 1 1 0 1 0]
[1 0 0 0 0 0 0 1 1 1]
[1 0 0 0 0 1 0 0 1 1]
[0 1 1 0 1 0 0 0 0 1]
[0 1 1 0 0 0 0 1 1 0]
[0 1 0 1 0 0 1 0 0 1]
[0 0 1 1 1 0 1 0 0 0]
[0 0 0 1 1 1 0 1 0 0]"
I?qvAtwl?,"[0 1 1 1 1 0 0 0 0 0]
[1 0 1 0 0 1 1 0 0 0]
[1 1 0 0 0 1 0 1 0 0]
[1 0 0 0 0 1 0 0 1 1]
[1 0 0 0 0 0 0 1 1 1]
[0 1 1 1 0 0 0 1 0 0]
[0 1 0 0 0 0 0 1 1 1]
[0 0 1 0 1 1 1 0 0 0]
[0 0 0 1 1 0 1 0 0 1]
[0 0 0 1 1 0 1 0 1 0]"
I?qteXq]?,"[0 1 1 1 1 0 0 0 0 0]
[1 0 1 1 0 1 0 0 0 0]
[1 1 0 0 0 0 1 1 0 0]
[1 1 0 0 0 0 1 1 0 0]
[1 0 0 0 0 0 1 0 1 1]
[0 1 0 0 0 0 0 1 1 1]
[0 0 1 1 1 0 0 0 1 0]
[0 0 1 1 0 1 0 0 0 1]
[0 0 0 0 1 1 1 0 0 1]
[0 0 0 0 1 1 0 1 1 0]"
I?qreYw[_,"[0 1 1 1 1 0 0 0 0 0]
[1 0 1 1 1 0 0 0 0 0]
[1 1 0 0 0 1 1 0 0 0]
[1 1 0 0 0 1 1 0 0 0]
[1 1 0 0 0 0 0 1 1 0]
[0 0 1 1 0 0 0 1 0 1]
[0 0 1 1 0 0 0 0 1 1]
[0 0 0 0 1 1 0 0 1 1]
[0 0 0 0 1 0 1 1 0 1]
[0 0 0 0 0 1 1 1 1 0]"
I?qrdXqu?,"[0 1 1 1 1 0 0 0 0 0]
[1 0 1 1 1 0 0 0 0 0]
[1 1 0 0 0 1 1 0 0 0]
[1 1 0 0 0 1 0 1 0 0]
[1 1 0 0 0 0 0 1 1 0]
[0 0 1 1 0 0 1 0 0 1]
[0 0 1 0 0 1 0 0 1 1]
[0 0 0 1 1 0 0 0 1 1]
[0 0 0 0 1 0 1 1 0 1]
[0 0 0 0 0 1 1 1 1 0]"
I?rL`xq{?,"[0 1 1 1 1 0 0 0 0 0]
[1 0 0 0 0 1 1 1 0 0]
[1 0 0 0 0 1 1 0 1 0]
[1 0 0 0 0 0 0 1 1 1]
[1 0 0 0 0 0 0 1 1 1]
[0 1 1 0 0 0 1 0 0 1]
[0 1 1 0 0 1 0 0 0 1]
[0 1 0 1 1 0 0 0 1 0]
[0 0 1 1 1 0 0 1 0 0]
[0 0 0 1 1 1 1 0 0 0]"
I?qjbrQl?,"[0 1 1 1 1 0 0 0 0 0]
[1 0 1 0 0 1 1 0 0 0]
[1 1 0 0 0 0 0 1 1 0]
[1 0 0 0 0 1 0 1 0 1]
[1 0 0 0 0 0 0 1 1 1]
[0 1 0 1 0 0 1 0 0 1]
[0 1 0 0 0 1 0 0 1 1]
[0 0 1 1 1 0 0 0 1 0]
[0 0 1 0 1 0 1 1 0 0]
[0 0 0 1 1 1 1 0 0 0]"
I?qjczo[_,"[0 1 1 1 1 0 0 0 0 0]
[1 0 0 0 0 1 1 1 0 0]
[1 0 0 0 0 1 0 0 1 1]
[1 0 0 0 0 0 1 0 1 1]
[1 0 0 0 0 0 0 1 1 1]
[0 1 1 0 0 0 1 1 0 0]
[0 1 0 1 0 1 0 1 0 0]
[0 1 0 0 1 1 1 0 0 0]
[0 0 1 1 1 0 0 0 0 1]
[0 0 1 1 1 0 0 0 1 0]"
I?qjayq{?,"[0 1 1 1 1 0 0 0 0 0]
[1 0 0 0 0 1 1 1 0 0]
[1 0 0 0 0 1 1 0 1 0]
[1 0 0 0 0 0 0 1 1 1]
[1 0 0 0 0 1 0 0 1 1]
[0 1 1 0 1 0 0 0 1 0]
[0 1 1 0 0 0 0 1 0 1]
[0 1 0 1 0 0 1 0 0 1]
[0 0 1 1 1 1 0 0 0 0]
[0 0 0 1 1 0 1 1 0 0]"
I?o~Eew\?,"[0 1 1 1 1 0 0 0 0 0]
[1 0 1 1 0 1 0 0 0 0]
[1 1 0 0 0 0 1 1 0 0]
[1 1 0 0 0 0 1 0 1 0]
[1 0 0 0 0 1 0 1 1 0]
[0 1 0 0 1 0 1 0 0 1]
[0 0 1 1 0 1 0 0 0 1]
[0 0 1 0 1 0 0 0 1 1]
[0 0 0 1 1 0 0 1 0 1]
[0 0 0 0 0 1 1 1 1 0]"
ICQffP[N?,"[0 1 1 1 1 0 0 0 0 0]
[1 0 1 0 0 1 1 0 0 0]
[1 1 0 0 0 0 0 1 1 0]
[1 0 0 0 0 1 1 1 0 0]
[1 0 0 0 0 1 0 0 1 1]
[0 1 0 1 1 0 0 0 0 1]
[0 1 0 1 0 0 0 1 1 0]
[0 0 1 1 0 0 1 0 0 1]
[0 0 1 0 1 0 1 0 0 1]
[0 0 0 0 1 1 0 1 1 0]"
ICQfeo{Z?,"[0 1 1 1 1 0 0 0 0 0]
[1 0 1 0 0 1 1 0 0 0]
[1 1 0 0 0 1 0 1 0 0]
[1 0 0 0 0 0 1 1 1 0]
[1 0 0 0 0 1 0 0 1 1]
[0 1 1 0 1 0 0 0 0 1]
[0 1 0 1 0 0 0 1 1 0]
[0 0 1 1 0 0 1 0 0 1]
[0 0 0 1 1 0 1 0 0 1]
[0 0 0 0 1 1 0 1 1 0]"
ICQfeW{]?,"[0 1 1 1 1 0 0 0 0 0]
[1 0 1 0 0 1 1 0 0 0]
[1 1 0 0 0 0 0 1 1 0]
[1 0 0 0 0 1 0 1 1 0]
[1 0 0 0 0 0 1 1 0 1]
[0 1 0 1 0 0 1 0 1 0]
[0 1 0 0 1 1 0 0 0 1]
[0 0 1 1 1 0 0 0 0 1]
[0 0 1 1 0 1 0 0 0 1]
[0 0 0 0 1 0 1 1 1 0]"
ICQfdX[]?,"[0 1 1 1 1 0 0 0 0 0]
[1 0 1 0 0 1 1 0 0 0]
[1 1 0 0 0 0 0 1 1 0]
[1 0 0 0 0 1 1 1 0 0]
[1 0 0 0 0 0 0 1 1 1]
[0 1 0 1 0 0 1 0 0 1]
[0 1 0 1 0 1 0 0 1 0]
[0 0 1 1 1 0 0 0 0 1]
[0 0 1 0 1 0 1 0 0 1]
[0 0 0 0 1 1 0 1 1 0]"
ICRbfQ[M_,"[0 1 1 1 1 0 0 0 0 0]
[1 0 1 1 0 1 0 0 0 0]
[1 1 0 0 0 0 1 1 0 0]
[1 1 0 0 0 0 0 0 1 1]
[1 0 0 0 0 1 0 0 1 1]
[0 1 0 0 1 0 1 0 1 0]
[0 0 1 0 0 1 0 1 0 1]
[0 0 1 0 0 0 1 0 1 1]
[0 0 0 1 1 1 0 1 0 0]
[0 0 0 1 1 0 1 1 0 0]"
ICRb`yiu?,"[0 1 1 1 1 0 0 0 0 0]
[1 0 1 0 0 1 1 0 0 0]
[1 1 0 0 0 0 0 1 1 0]
[1 0 0 0 0 1 0 1 0 1]
[1 0 0 0 0 0 1 0 1 1]
[0 1 0 1 0 0 0 0 1 1]
[0 1 0 0 1 0 0 1 0 1]
[0 0 1 1 0 0 1 0 1 0]
[0 0 1 0 1 1 0 1 0 0]
[0 0 0 1 1 1 1 0 0 0]"
ICR`vGyu?,"[0 1 1 1 1 0 0 0 0 0]
[1 0 1 1 1 0 0 0 0 0]
[1 1 0 0 0 1 1 0 0 0]
[1 1 0 0 0 1 0 1 0 0]
[1 1 0 0 0 0 0 0 1 1]
[0 0 1 1 0 0 1 1 0 0]
[0 0 1 0 0 1 0 0 1 1]
[0 0 0 1 0 1 0 0 1 1]
[0 0 0 0 1 0 1 1 0 1]
[0 0 0 0 1 0 1 1 1 0]"
ICR`uiwY_,"[0 1 1 1 1 0 0 0 0 0]
[1 0 1 1 0 1 0 0 0 0]
[1 1 0 0 0 1 1 0 0 0]
[1 1 0 0 0 0 0 1 1 0]
[1 0 0 0 0 0 1 1 0 1]
[0 1 1 0 0 0 1 0 0 1]
[0 0 1 0 1 1 0 0 1 0]
[0 0 0 1 1 0 0 0 1 1]
[0 0 0 1 0 0 1 1 0 1]
[0 0 0 0 1 1 0 1 1 0]"
ICR`tjWY_,"[0 1 1 1 1 0 0 0 0 0]
[1 0 1 1 0 1 0 0 0 0]
[1 1 0 0 0 1 1 0 0 0]
[1 1 0 0 0 0 0 1 1 0]
[1 0 0 0 0 0 1 1 0 1]
[0 1 1 0 0 0 1 0 1 0]
[0 0 1 0 1 1 0 0 0 1]
[0 0 0 1 1 0 0 0 1 1]
[0 0 0 1 0 1 0 1 0 1]
[0 0 0 0 1 0 1 1 1 0]"
ICR`riiu?,"[0 1 1 1 1 0 0 0 0 0]
[1 0 1 1 0 1 0 0 0 0]
[1 1 0 0 0 0 1 1 0 0]
[1 1 0 0 0 0 0 0 1 1]
[1 0 0 0 0 1 1 0 1 0]
[0 1 0 0 1 0 1 0 0 1]
[0 0 1 0 1 1 0 1 0 0]
[0 0 1 0 0 0 1 0 1 1]
[0 0 0 1 1 0 0 1 0 1]
[0 0 0 1 0 1 0 1 1 0]"
ICR`szoY_,"[0 1 1 1 1 0 0 0 0 0]
[1 0 1 0 0 1 1 0 0 0]
[1 1 0 0 0 1 0 1 0 0]
[1 0 0 0 0 0 0 1 1 1]
[1 0 0 0 0 0 1 1 1 0]
[0 1 1 0 0 0 0 1 0 1]
[0 1 0 0 1 0 0 0 1 1]
[0 0 1 1 1 1 0 0 0 0]
[0 0 0 1 1 0 1 0 0 1]
[0 0 0 1 0 1 1 0 1 0]"
ICR`pzau?,"[0 1 1 1 1 0 0 0 0 0]
[1 0 1 0 0 1 1 0 0 0]
[1 1 0 0 0 0 0 1 1 0]
[1 0 0 0 0 1 0 1 0 1]
[1 0 0 0 0 0 1 1 0 1]
[0 1 0 1 0 0 0 0 1 1]
[0 1 0 0 1 0 0 0 1 1]
[0 0 1 1 1 0 0 0 1 0]
[0 0 1 0 0 1 1 1 0 0]
[0 0 0 1 1 1 1 0 0 0]"
ICRVDXwM_,"[0 1 1 1 1 0 0 0 0 0]
[1 0 1 0 0 1 1 0 0 0]
[1 1 0 0 0 0 0 1 1 0]
[1 0 0 0 0 1 0 1 0 1]
[1 0 0 0 0 1 1 0 1 0]
[0 1 0 1 1 0 0 0 1 0]
[0 1 0 0 1 0 0 1 0 1]
[0 0 1 1 0 0 1 0 0 1]
[0 0 1 0 1 1 0 0 0 1]
[0 0 0 1 0 0 1 1 1 0]"
ICQvDT[]?,"[0 1 1 1 1 0 0 0 0 0]
[1 0 1 0 0 1 1 0 0 0]
[1 1 0 0 0 1 0 1 0 0]
[1 0 0 0 0 1 0 0 1 1]
[1 0 0 0 0 0 1 1 1 0]
[0 1 1 1 0 0 0 0 1 0]
[0 1 0 0 1 0 0 1 0 1]
[0 0 1 0 1 0 1 0 0 1]
[0 0 0 1 1 1 0 0 0 1]
[0 0 0 1 0 0 1 1 1 0]"
ICQvCtk]?,"[0 1 1 1 1 0 0 0 0 0]
[1 0 1 0 0 1 1 0 0 0]
[1 1 0 0 0 1 0 1 0 0]
[1 0 0 0 0 0 1 0 1 1]
[1 0 0 0 0 1 0 1 1 0]
[0 1 1 0 1 0 0 0 1 0]
[0 1 0 1 0 0 0 1 0 1]
[0 0 1 0 1 0 1 0 0 1]
[0 0 0 1 1 1 0 0 0 1]
[0 0 0 1 0 0 1 1 1 0]"
ICQuRiwY_,"[0 1 1 1 1 0 0 0 0 0]
[1 0 1 1 0 1 0 0 0 0]
[1 1 0 0 0 1 1 0 0 0]
[1 1 0 0 0 0 1 1 0 0]
[1 0 0 0 0 0 0 1 1 1]
[0 1 1 0 0 0 1 0 1 0]
[0 0 1 1 0 1 0 0 0 1]
[0 0 0 1 1 0 0 0 1 1]
[0 0 0 0 1 1 0 1 0 1]
[0 0 0 0 1 0 1 1 1 0]"
ICQrThiu?,"[0 1 1 1 1 0 0 0 0 0]
[1 0 1 1 1 0 0 0 0 0]
[1 1 0 0 0 1 1 0 0 0]
[1 1 0 0 1 0 0 1 0 0]
[1 1 0 1 0 0 0 1 0 0]
[0 0 1 0 0 0 1 0 1 1]
[0 0 1 0 0 1 0 0 1 1]
[0 0 0 1 1 0 0 0 1 1]
[0 0 0 0 0 1 1 1 0 1]
[0 0 0 0 0 1 1 1 1 0]"
ICpdf_]Z?,"[0 1 1 1 1 0 0 0 0 0]
[1 0 1 0 0 1 1 0 0 0]
[1 1 0 0 0 1 0 1 0 0]
[1 0 0 0 0 0 1 0 1 1]
[1 0 0 0 0 1 0 0 1 1]
[0 1 1 0 1 0 0 1 0 0]
[0 1 0 1 0 0 0 1 1 0]
[0 0 1 0 0 1 1 0 0 1]
[0 0 0 1 1 0 1 0 0 1]
[0 0 0 1 1 0 0 1 1 0]"
ICpdepkL_,"[0 1 1 1 1 0 0 0 0 0]
[1 0 1 1 0 1 0 0 0 0]
[1 1 0 0 0 1 1 0 0 0]
[1 1 0 0 1 0 0 1 0 0]
[1 0 0 1 0 0 0 1 1 0]
[0 1 1 0 0 0 1 0 0 1]
[0 0 1 0 0 1 0 0 1 1]
[0 0 0 1 1 0 0 0 1 1]
[0 0 0 0 1 0 1 1 0 1]
[0 0 0 0 0 1 1 1 1 0]"
ICpddpUZ?,"[0 1 1 1 1 0 0 0 0 0]
[1 0 1 1 0 1 0 0 0 0]
[1 1 0 0 0 0 1 1 0 0]
[1 1 0 0 1 1 0 0 0 0]
[1 0 0 1 0 0 1 0 1 0]
[0 1 0 1 0 0 0 1 0 1]
[0 0 1 0 1 0 0 0 1 1]
[0 0 1 0 0 1 0 0 1 1]
[0 0 0 0 1 0 1 1 0 1]
[0 0 0 0 0 1 1 1 1 0]"
ICpdeXqN?,"[0 1 1 1 1 0 0 0 0 0]
[1 0 1 1 0 1 0 0 0 0]
[1 1 0 0 0 1 1 0 0 0]
[1 1 0 0 0 0 1 1 0 0]
[1 0 0 0 0 0 0 1 1 1]
[0 1 1 0 0 0 0 0 1 1]
[0 0 1 1 0 0 0 1 1 0]
[0 0 0 1 1 0 1 0 0 1]
[0 0 0 0 1 1 1 0 0 1]
[0 0 0 0 1 1 0 1 1 0]"
ICpdcxqZ?,"[0 1 1 1 1 0 0 0 0 0]
[1 0 1 1 0 1 0 0 0 0]
[1 1 0 0 0 1 1 0 0 0]
[1 1 0 0 0 0 0 1 1 0]
[1 0 0 0 0 0 0 1 1 1]
[0 1 1 0 0 0 1 0 0 1]
[0 0 1 0 0 1 0 1 0 1]
[0 0 0 1 1 0 1 0 1 0]
[0 0 0 1 1 0 0 1 0 1]
[0 0 0 0 1 1 1 0 1 0]"
ICpbdq[X_,"[0 1 1 1 1 0 0 0 0 0]
[1 0 1 1 0 1 0 0 0 0]
[1 1 0 0 0 1 1 0 0 0]
[1 1 0 0 0 1 0 1 0 0]
[1 0 0 0 0 0 0 1 1 1]
[0 1 1 1 0 0 0 0 1 0]
[0 0 1 0 0 0 0 1 1 1]
[0 0 0 1 1 0 1 0 0 1]
[0 0 0 0 1 1 1 0 0 1]
[0 0 0 0 1 0 1 1 1 0]"
ICpbfG{e_,"[0 1 1 1 1 0 0 0 0 0]
[1 0 1 0 0 1 1 0 0 0]
[1 1 0 0 0 1 0 1 0 0]
[1 0 0 0 0 0 1 0 1 1]
[1 0 0 0 0 0 0 1 1 1]
[0 1 1 0 0 0 1 0 1 0]
[0 1 0 1 0 1 0 1 0 0]
[0 0 1 0 1 0 1 0 0 1]
[0 0 0 1 1 1 0 0 0 1]
[0 0 0 1 1 0 0 1 1 0]"
ICpbegyj?,"[0 1 1 1 1 0 0 0 0 0]
[1 0 1 1 0 1 0 0 0 0]
[1 1 0 0 0 0 1 1 0 0]
[1 1 0 0 0 0 0 0 1 1]
[1 0 0 0 0 1 1 0 1 0]
[0 1 0 0 1 0 0 1 0 1]
[0 0 1 0 1 0 0 1 1 0]
[0 0 1 0 0 1 1 0 0 1]
[0 0 0 1 1 0 1 0 0 1]
[0 0 0 1 0 1 0 1 1 0]"
ICpdUg{[_,"[0 1 1 1 1 0 0 0 0 0]
[1 0 1 0 0 1 1 0 0 0]
[1 1 0 0 0 0 0 1 1 0]
[1 0 0 0 0 1 0 1 0 1]
[1 0 0 0 0 0 1 0 1 1]
[0 1 0 1 0 0 1 0 0 1]
[0 1 0 0 1 1 0 1 0 0]
[0 0 1 1 0 0 1 0 1 0]
[0 0 1 0 1 0 0 1 0 1]
[0 0 0 1 1 1 0 0 1 0]"
ICpbQysk_,"[0 1 1 1 1 0 0 0 0 0]
[1 0 1 0 0 1 1 0 0 0]
[1 1 0 0 0 0 0 1 1 0]
[1 0 0 0 1 1 0 0 0 1]
[1 0 0 1 0 0 0 1 0 1]
[0 1 0 1 0 0 1 0 1 0]
[0 1 0 0 0 1 0 0 1 1]
[0 0 1 0 1 0 0 0 1 1]
[0 0 1 0 0 1 1 1 0 0]
[0 0 0 1 1 0 1 1 0 0]"
ICXedW{s_,"[0 1 1 1 1 0 0 0 0 0]
[1 0 1 1 0 1 0 0 0 0]
[1 1 0 0 1 0 1 0 0 0]
[1 1 0 0 1 0 1 0 0 0]
[1 0 1 1 0 0 0 1 0 0]
[0 1 0 0 0 0 0 1 1 1]
[0 0 1 1 0 0 0 0 1 1]
[0 0 0 0 1 1 0 0 1 1]
[0 0 0 0 0 1 1 1 0 1]
[0 0 0 0 0 1 1 1 1 0]"
ICXedfKN?,"[0 1 1 1 1 0 0 0 0 0]
[1 0 1 1 0 1 0 0 0 0]
[1 1 0 0 0 0 1 1 0 0]
[1 1 0 0 0 0 1 1 0 0]
[1 0 0 0 0 1 0 0 1 1]
[0 1 0 0 1 0 0 0 1 1]
[0 0 1 1 0 0 0 1 1 0]
[0 0 1 1 0 0 1 0 0 1]
[0 0 0 0 1 1 1 0 0 1]
[0 0 0 0 1 1 0 1 1 0]"
ICdedpkX_,"[0 1 1 1 1 0 0 0 0 0]
[1 0 1 1 0 1 0 0 0 0]
[1 1 0 0 0 1 1 0 0 0]
[1 1 0 0 0 1 0 1 0 0]
[1 0 0 0 0 0 0 1 1 1]
[0 1 1 1 0 0 1 0 0 0]
[0 0 1 0 0 1 0 0 1 1]
[0 0 0 1 1 0 0 0 1 1]
[0 0 0 0 1 0 1 1 0 1]
[0 0 0 0 1 0 1 1 1 0]"
ICdedhkY_,"[0 1 1 1 1 0 0 0 0 0]
[1 0 1 0 0 1 1 0 0 0]
[1 1 0 0 0 0 0 1 1 0]
[1 0 0 0 0 1 1 1 0 0]
[1 0 0 0 0 0 0 1 1 1]
[0 1 0 1 0 0 1 0 0 1]
[0 1 0 1 0 1 0 0 0 1]
[0 0 1 1 1 0 0 0 1 0]
[0 0 1 0 1 0 0 1 0 1]
[0 0 0 0 1 1 1 0 1 0]"
ICdbMLwm?,"[0 1 1 1 1 0 0 0 0 0]
[1 0 1 0 0 1 1 0 0 0]
[1 1 0 0 0 1 1 0 0 0]
[1 0 0 0 0 0 0 1 1 1]
[1 0 0 0 0 1 0 1 1 0]
[0 1 1 0 1 0 1 0 0 0]
[0 1 1 0 0 1 0 0 0 1]
[0 0 0 1 1 0 0 0 1 1]
[0 0 0 1 1 0 0 1 0 1]
[0 0 0 1 0 0 1 1 1 0]"
ICdbJNWm?,"[0 1 1 1 1 0 0 0 0 0]
[1 0 1 1 1 0 0 0 0 0]
[1 1 0 1 1 0 0 0 0 0]
[1 1 1 0 0 1 0 0 0 0]
[1 1 1 0 0 0 1 0 0 0]
[0 0 0 1 0 0 0 1 1 1]
[0 0 0 0 1 0 0 1 1 1]
[0 0 0 0 0 1 1 0 1 1]
[0 0 0 0 0 1 1 1 0 1]
[0 0 0 0 0 1 1 1 1 0]"
IQhTQiiTO,"[0 1 1 1 1 0 0 0 0 0]
[1 0 1 1 1 0 0 0 0 0]
[1 1 0 1 1 0 0 0 0 0]
[1 1 1 0 1 0 0 0 0 0]
[1 1 1 1 0 0 0 0 0 0]
[0 0 0 0 0 0 1 1 1 1]
[0 0 0 0 0 1 0 1 1 1]
[0 0 0 0 0 1 1 0 1 1]
[0 0 0 0 0 1 1 1 0 1]
[0 0 0 0 0 1 1 1 1 0]"
I?B~vrw}?,"[0 1 1 1 1 1 0 0 0 0]
[1 0 0 0 0 0 1 1 1 1]
[1 0 0 0 0 0 1 1 1 1]
[1 0 0 0 0 0 1 1 1 1]
[1 0 0 0 0 0 1 1 1 1]
[1 0 0 0 0 0 1 1 1 1]
[0 1 1 1 1 1 0 0 0 0]
[0 1 1 1 1 1 0 0 0 0]
[0 1 1 1 1 1 0 0 0 0]
[0 1 1 1 1 1 0 0 0 0]"
I?bvvrw^?,"[0 1 1 1 1 1 0 0 0 0]
[1 0 1 0 0 0 1 1 1 0]
[1 1 0 0 0 0 1 1 0 1]
[1 0 0 0 0 0 1 1 1 1]
[1 0 0 0 0 0 1 1 1 1]
[1 0 0 0 0 0 1 1 1 1]
[0 1 1 1 1 1 0 0 0 0]
[0 1 1 1 1 1 0 0 0 0]
[0 1 0 1 1 1 0 0 0 1]
[0 0 1 1 1 1 0 0 1 0]"
I?rvfrwN_,"[0 1 1 1 1 1 0 0 0 0]
[1 0 1 1 0 0 1 1 0 0]
[1 1 0 0 0 0 1 0 1 1]
[1 1 0 0 0 0 1 0 1 1]
[1 0 0 0 0 0 1 1 1 1]
[1 0 0 0 0 0 1 1 1 1]
[0 1 1 1 1 1 0 0 0 0]
[0 1 0 0 1 1 0 0 1 1]
[0 0 1 1 1 1 0 1 0 0]
[0 0 1 1 1 1 0 1 0 0]"
I?q~frw\_,"[0 1 1 1 1 1 0 0 0 0]
[1 0 1 1 0 0 1 1 0 0]
[1 1 0 0 0 0 1 1 1 0]
[1 1 0 0 0 0 1 0 1 1]
[1 0 0 0 0 0 1 1 1 1]
[1 0 0 0 0 0 1 1 1 1]
[0 1 1 1 1 1 0 0 0 0]
[0 1 1 0 1 1 0 0 0 1]
[0 0 1 1 1 1 0 0 0 1]
[0 0 0 1 1 1 0 1 1 0]"
I?q~fjw]_,"[0 1 1 1 1 1 0 0 0 0]
[1 0 1 1 1 0 1 0 0 0]
[1 1 0 0 0 0 1 1 1 0]
[1 1 0 0 0 0 0 1 1 1]
[1 1 0 0 0 0 0 1 1 1]
[1 0 0 0 0 0 1 1 1 1]
[0 1 1 0 0 1 0 1 0 1]
[0 0 1 1 1 1 1 0 0 0]
[0 0 1 1 1 1 0 0 0 1]
[0 0 0 1 1 1 1 0 1 0]"
I?q~ffw^?,"[0 1 1 1 1 1 0 0 0 0]
[1 0 1 1 0 0 1 1 0 0]
[1 1 0 0 0 0 1 0 1 1]
[1 1 0 0 0 0 0 1 1 1]
[1 0 0 0 0 0 1 1 1 1]
[1 0 0 0 0 0 1 1 1 1]
[0 1 1 0 1 1 0 1 0 0]
[0 1 0 1 1 1 1 0 0 0]
[0 0 1 1 1 1 0 0 0 1]
[0 0 1 1 1 1 0 0 1 0]"
I?zVdzw\_,"[0 1 1 1 1 1 0 0 0 0]
[1 0 1 1 1 0 1 0 0 0]
[1 1 0 0 0 0 1 1 1 0]
[1 1 0 0 0 0 0 1 1 1]
[1 1 0 0 0 0 1 1 0 1]
[1 0 0 0 0 0 1 1 1 1]
[0 1 1 0 1 1 0 0 1 0]
[0 0 1 1 1 1 0 0 0 1]
[0 0 1 1 0 1 1 0 0 1]
[0 0 0 1 1 1 0 1 1 0]"
I?zVfe{^?,"[0 1 1 1 1 1 0 0 0 0]
[1 0 1 1 1 1 0 0 0 0]
[1 1 0 0 0 0 1 1 1 0]
[1 1 0 0 0 0 1 1 0 1]
[1 1 0 0 0 0 1 0 1 1]
[1 1 0 0 0 0 0 1 1 1]
[0 0 1 1 1 0 0 0 1 1]
[0 0 1 1 0 1 0 0 1 1]
[0 0 1 0 1 1 1 1 0 0]
[0 0 0 1 1 1 1 1 0 0]"
ICRvTzw]_,"[0 1 1 1 1 1 0 0 0 0]
[1 0 1 0 0 0 1 1 1 0]
[1 1 0 0 0 0 1 1 0 1]
[1 0 0 0 1 0 1 0 1 1]
[1 0 0 1 0 0 0 1 1 1]
[1 0 0 0 0 0 1 1 1 1]
[0 1 1 1 0 1 0 1 0 0]
[0 1 1 0 1 1 1 0 0 0]
[0 1 0 1 1 1 0 0 0 1]
[0 0 1 1 1 1 0 0 1 0]"
ICRvRzwm_,"[0 1 1 1 1 1 0 0 0 0]
[1 0 1 0 0 0 1 1 1 0]
[1 1 0 0 0 0 1 1 0 1]
[1 0 0 0 1 0 1 0 1 1]
[1 0 0 1 0 0 0 1 1 1]
[1 0 0 0 0 0 1 1 1 1]
[0 1 1 1 0 1 0 0 1 0]
[0 1 1 0 1 1 0 0 0 1]
[0 1 0 1 1 1 1 0 0 0]
[0 0 1 1 1 1 0 1 0 0]"
ICrffp{N_,"[0 1 1 1 1 1 0 0 0 0]
[1 0 1 1 0 0 1 1 0 0]
[1 1 0 0 1 0 0 0 1 1]
[1 1 0 0 0 0 1 0 1 1]
[1 0 1 0 0 0 1 1 1 0]
[1 0 0 0 0 0 1 1 1 1]
[0 1 0 1 1 1 0 0 0 1]
[0 1 0 0 1 1 0 0 1 1]
[0 0 1 1 1 1 0 1 0 0]
[0 0 1 1 0 1 1 1 0 0]"
ICpvfq{Z_,"[0 1 1 1 1 1 0 0 0 0]
[1 0 1 1 0 0 1 1 0 0]
[1 1 0 0 1 0 1 0 1 0]
[1 1 0 0 0 0 0 1 1 1]
[1 0 1 0 0 0 1 0 1 1]
[1 0 0 0 0 0 1 1 1 1]
[0 1 1 0 1 1 0 0 0 1]
[0 1 0 1 0 1 0 0 1 1]
[0 0 1 1 1 1 0 1 0 0]
[0 0 0 1 1 1 1 1 0 0]"
ICpvfZwN_,"[0 1 1 1 1 1 0 0 0 0]
[1 0 1 1 0 0 1 1 0 0]
[1 1 0 0 1 0 1 0 1 0]
[1 1 0 0 0 0 1 0 1 1]
[1 0 1 0 0 0 0 1 1 1]
[1 0 0 0 0 0 1 1 1 1]
[0 1 1 1 0 1 0 0 0 1]
[0 1 0 0 1 1 0 0 1 1]
[0 0 1 1 1 1 0 1 0 0]
[0 0 0 1 1 1 1 1 0 0]"
ICpvbzwj_,"[0 1 1 1 1 1 0 0 0 0]
[1 0 1 1 0 0 1 1 0 0]
[1 1 0 0 1 0 1 0 1 0]
[1 1 0 0 0 0 0 1 1 1]
[1 0 1 0 0 0 0 1 1 1]
[1 0 0 0 0 0 1 1 1 1]
[0 1 1 0 0 1 0 0 1 1]
[0 1 0 1 1 1 0 0 0 1]
[0 0 1 1 1 1 1 0 0 0]
[0 0 0 1 1 1 1 1 0 0]"
ICpvbzkm_,"[0 1 1 1 1 1 0 0 0 0]
[1 0 1 1 1 0 1 0 0 0]
[1 1 0 1 0 0 1 1 0 0]
[1 1 1 0 0 0 0 0 1 1]
[1 1 0 0 0 0 0 1 1 1]
[1 0 0 0 0 0 1 1 1 1]
[0 1 1 0 0 1 0 1 1 0]
[0 0 1 0 1 1 1 0 0 1]
[0 0 0 1 1 1 1 0 0 1]
[0 0 0 1 1 1 0 1 1 0]"
ICpvTzw\_,"[0 1 1 1 1 1 0 0 0 0]
[1 0 1 1 0 0 1 1 0 0]
[1 1 0 0 1 0 1 1 0 0]
[1 1 0 0 0 0 1 0 1 1]
[1 0 1 0 0 0 0 1 1 1]
[1 0 0 0 0 0 1 1 1 1]
[0 1 1 1 0 1 0 0 1 0]
[0 1 1 0 1 1 0 0 0 1]
[0 0 0 1 1 1 1 0 0 1]
[0 0 0 1 1 1 0 1 1 0]"
ICpvTvs^?,"[0 1 1 1 1 1 0 0 0 0]
[1 0 1 1 1 0 1 0 0 0]
[1 1 0 0 0 0 1 1 1 0]
[1 1 0 0 0 0 1 1 0 1]
[1 1 0 0 0 1 1 0 0 1]
[1 0 0 0 1 0 0 1 1 1]
[0 1 1 1 1 0 0 0 1 0]
[0 0 1 1 0 1 0 0 1 1]
[0 0 1 0 0 1 1 1 0 1]
[0 0 0 1 1 1 0 1 1 0]"
ICrvRpylO,"[0 1 1 1 1 1 0 0 0 0]
[1 0 1 1 1 0 1 0 0 0]
[1 1 0 1 0 0 0 1 1 0]
[1 1 1 0 0 0 1 0 0 1]
[1 1 0 0 0 0 1 1 0 1]
[1 0 0 0 0 0 1 1 1 1]
[0 1 0 1 1 1 0 0 1 0]
[0 0 1 0 1 1 0 0 1 1]
[0 0 1 0 0 1 1 1 0 1]
[0 0 0 1 1 1 0 1 1 0]"
ICZevi{]_,"[0 1 1 1 1 1 0 0 0 0]
[1 0 1 1 1 0 1 0 0 0]
[1 1 0 0 0 1 1 1 0 0]
[1 1 0 0 0 0 0 1 1 1]
[1 1 0 0 0 0 1 0 1 1]
[1 0 1 0 0 0 1 1 1 0]
[0 1 1 0 1 1 0 0 0 1]
[0 0 1 1 0 1 0 0 1 1]
[0 0 0 1 1 1 0 1 0 1]
[0 0 0 1 1 0 1 1 1 0]"
ICZevd{n?,"[0 1 1 1 1 1 0 0 0 0]
[1 0 1 1 1 0 1 0 0 0]
[1 1 0 1 0 0 0 1 1 0]
[1 1 1 0 0 0 0 1 0 1]
[1 1 0 0 0 0 1 0 1 1]
[1 0 0 0 0 0 1 1 1 1]
[0 1 0 0 1 1 0 1 0 1]
[0 0 1 1 0 1 1 0 1 0]
[0 0 1 0 1 1 0 1 0 1]
[0 0 0 1 1 1 1 0 1 0]"
ICZelzw]_,"[0 1 1 1 1 1 0 0 0 0]
[1 0 1 1 0 0 1 1 0 0]
[1 1 0 0 0 0 1 0 1 1]
[1 1 0 0 0 0 1 1 1 0]
[1 0 0 0 0 1 0 1 1 1]
[1 0 0 0 1 0 1 1 0 1]
[0 1 1 1 0 1 0 0 0 1]
[0 1 0 1 1 1 0 0 1 0]
[0 0 1 1 1 0 0 1 0 1]
[0 0 1 0 1 1 1 0 1 0]"
ICZbmzwm_,"[0 1 1 1 1 1 0 0 0 0]
[1 0 1 1 0 0 1 1 0 0]
[1 1 0 0 0 0 1 0 1 1]
[1 1 0 0 0 0 0 1 1 1]
[1 0 0 0 0 1 1 1 1 0]
[1 0 0 0 1 0 1 1 0 1]
[0 1 1 0 1 1 0 0 1 0]
[0 1 0 1 1 1 0 0 0 1]
[0 0 1 1 1 0 1 0 0 1]
[0 0 1 1 0 1 0 1 1 0]"
ICZVTt{|?,"[0 1 1 1 1 1 0 0 0 0]
[1 0 1 1 1 0 1 0 0 0]
[1 1 0 1 0 0 0 1 1 0]
[1 1 1 0 0 0 1 1 0 0]
[1 1 0 0 0 0 1 0 1 1]
[1 0 0 0 0 0 1 1 1 1]
[0 1 0 1 1 1 0 0 0 1]
[0 0 1 1 0 1 0 0 1 1]
[0 0 1 0 1 1 0 1 0 1]
[0 0 0 0 1 1 1 1 1 0]"
ICZVRu{|?,"[0 1 1 1 1 1 0 0 0 0]
[1 0 1 1 1 0 1 0 0 0]
[1 1 0 1 0 0 1 1 0 0]
[1 1 1 0 0 0 1 0 1 0]
[1 1 0 0 0 0 0 1 1 1]
[1 0 0 0 0 0 1 1 1 1]
[0 1 1 1 0 1 0 0 0 1]
[0 0 1 0 1 1 0 0 1 1]
[0 0 0 1 1 1 0 1 0 1]
[0 0 0 0 1 1 1 1 1 0]"
ICZNfq{\_,"[0 1 1 1 1 1 0 0 0 0]
[1 0 1 1 0 0 1 1 0 0]
[1 1 0 0 0 0 1 0 1 1]
[1 1 0 0 0 0 0 1 1 1]
[1 0 0 0 0 1 1 1 1 0]
[1 0 0 0 1 0 0 1 1 1]
[0 1 1 0 1 0 0 1 0 1]
[0 1 0 1 1 1 1 0 0 0]
[0 0 1 1 1 1 0 0 0 1]
[0 0 1 1 0 1 1 0 1 0]"
ICZNdzs]_,"[0 1 1 1 1 1 0 0 0 0]
[1 0 1 1 0 0 1 1 0 0]
[1 1 0 0 1 0 1 0 1 0]
[1 1 0 0 0 0 0 1 1 1]
[1 0 1 0 0 0 1 0 1 1]
[1 0 0 0 0 0 1 1 1 1]
[0 1 1 0 1 1 0 1 0 0]
[0 1 0 1 0 1 1 0 0 1]
[0 0 1 1 1 1 0 0 0 1]
[0 0 0 1 1 1 0 1 1 0]"
ICZLrzs{_,"[0 1 1 1 1 1 0 0 0 0]
[1 0 1 1 0 0 1 1 0 0]
[1 1 0 0 1 0 0 0 1 1]
[1 1 0 0 0 0 1 1 1 0]
[1 0 1 0 0 0 1 0 1 1]
[1 0 0 0 0 0 1 1 1 1]
[0 1 0 1 1 1 0 1 0 0]
[0 1 0 1 0 1 1 0 0 1]
[0 0 1 1 1 1 0 0 0 1]
[0 0 1 0 1 1 0 1 1 0]"
ICZJlvs}?,"[0 1 1 1 1 1 0 0 0 0]
[1 0 1 1 0 0 1 1 0 0]
[1 1 0 0 1 0 0 0 1 1]
[1 1 0 0 0 0 1 1 1 0]
[1 0 1 0 0 0 1 0 1 1]
[1 0 0 0 0 0 1 1 1 1]
[0 1 0 1 1 1 0 0 0 1]
[0 1 0 1 0 1 0 0 1 1]
[0 0 1 1 1 1 0 1 0 0]
[0 0 1 0 1 1 1 1 0 0]"
ICXnezwl_,"[0 1 1 1 1 1 0 0 0 0]
[1 0 1 1 0 0 1 1 0 0]
[1 1 0 0 0 0 1 1 1 0]
[1 1 0 0 0 0 1 0 1 1]
[1 0 0 0 0 1 0 1 1 1]
[1 0 0 0 1 0 0 1 1 1]
[0 1 1 1 0 0 0 1 0 1]
[0 1 1 0 1 1 1 0 0 0]
[0 0 1 1 1 1 0 0 0 1]
[0 0 0 1 1 1 1 0 1 0]"
ICXmvrsl_,"[0 1 1 1 1 1 0 0 0 0]
[1 0 1 1 0 0 1 1 0 0]
[1 1 0 0 0 0 1 0 1 1]
[1 1 0 0 0 0 1 1 1 0]
[1 0 0 0 0 1 0 1 1 1]
[1 0 0 0 1 0 0 1 1 1]
[0 1 1 1 0 0 0 0 1 1]
[0 1 0 1 1 1 0 0 0 1]
[0 0 1 1 1 1 1 0 0 0]
[0 0 1 0 1 1 1 1 0 0]"
ICXmvjsm_,"[0 1 1 1 1 1 0 0 0 0]
[1 0 1 1 0 0 1 1 0 0]
[1 1 0 0 0 0 1 1 1 0]
[1 1 0 0 0 0 1 1 0 1]
[1 0 0 0 0 1 1 0 1 1]
[1 0 0 0 1 0 1 0 1 1]
[0 1 1 1 1 1 0 0 0 0]
[0 1 1 1 0 0 0 0 1 1]
[0 0 1 0 1 1 0 1 0 1]
[0 0 0 1 1 1 0 1 1 0]"
ICY^frsZ_,"[0 1 1 1 1 1 0 0 0 0]
[1 0 1 1 0 0 1 1 0 0]
[1 1 0 1 0 0 0 0 1 1]
[1 1 1 0 0 0 0 0 1 1]
[1 0 0 0 0 0 1 1 1 1]
[1 0 0 0 0 0 1 1 1 1]
[0 1 0 0 1 1 0 1 1 0]
[0 1 0 0 1 1 1 0 0 1]
[0 0 1 1 1 1 1 0 0 0]
[0 0 1 1 1 1 0 1 0 0]"
ICY^fjk]_,"[0 1 1 1 1 1 0 0 0 0]
[1 0 1 1 0 0 1 1 0 0]
[1 1 0 1 0 0 1 0 1 0]
[1 1 1 0 0 0 0 0 1 1]
[1 0 0 0 0 0 1 1 1 1]
[1 0 0 0 0 0 1 1 1 1]
[0 1 1 0 1 1 0 1 0 0]
[0 1 0 0 1 1 1 0 0 1]
[0 0 1 1 1 1 0 0 0 1]
[0 0 0 1 1 1 0 1 1 0]"
ICY^Vjs]_,"[0 1 1 1 1 1 0 0 0 0]
[1 0 1 1 0 0 1 1 0 0]
[1 1 0 1 0 0 1 0 1 0]
[1 1 1 0 0 0 1 0 0 1]
[1 0 0 0 0 0 1 1 1 1]
[1 0 0 0 0 0 1 1 1 1]
[0 1 1 1 1 1 0 0 0 0]
[0 1 0 0 1 1 0 0 1 1]
[0 0 1 0 1 1 0 1 0 1]
[0 0 0 1 1 1 0 1 1 0]"
ICY^Nrw\_,"[0 1 1 1 1 1 0 0 0 0]
[1 0 1 1 0 0 1 1 0 0]
[1 1 0 0 0 0 1 0 1 1]
[1 1 0 0 0 0 1 0 1 1]
[1 0 0 0 0 1 1 1 1 0]
[1 0 0 0 1 0 1 1 0 1]
[0 1 1 1 1 1 0 0 0 0]
[0 1 0 0 1 1 0 0 1 1]
[0 0 1 1 1 0 0 1 0 1]
[0 0 1 1 0 1 0 1 1 0]"
ICY^Njw]_,"[0 1 1 1 1 1 0 0 0 0]
[1 0 1 1 0 0 1 1 0 0]
[1 1 0 1 0 0 1 0 1 0]
[1 1 1 0 0 0 0 0 1 1]
[1 0 0 0 0 0 1 1 1 1]
[1 0 0 0 0 0 1 1 1 1]
[0 1 1 0 1 1 0 0 0 1]
[0 1 0 0 1 1 0 0 1 1]
[0 0 1 1 1 1 0 1 0 0]
[0 0 0 1 1 1 1 1 0 0]"
ICZ\vbpZ_,"[0 1 1 1 1 1 0 0 0 0]
[1 0 1 1 1 1 0 0 0 0]
[1 1 0 1 0 0 1 1 0 0]
[1 1 1 0 0 0 1 1 0 0]
[1 1 0 0 0 0 1 0 1 1]
[1 1 0 0 0 0 0 1 1 1]
[0 0 1 1 1 0 0 0 1 1]
[0 0 1 1 0 1 0 0 1 1]
[0 0 0 0 1 1 1 1 0 1]
[0 0 0 0 1 1 1 1 1 0]"
ICfvRrwXo,"[0 1 1 1 1 1 0 0 0 0]
[1 0 1 1 0 0 1 1 0 0]
[1 1 0 1 0 0 1 0 1 0]
[1 1 1 0 0 0 0 1 1 0]
[1 0 0 0 0 0 1 1 1 1]
[1 0 0 0 0 0 1 1 1 1]
[0 1 1 0 1 1 0 0 0 1]
[0 1 0 1 1 1 0 0 0 1]
[0 0 1 1 1 1 0 0 0 1]
[0 0 0 0 1 1 1 1 1 0]"
ICxvFjYN_,"[0 1 1 1 1 1 0 0 0 0]
[1 0 1 1 1 0 1 0 0 0]
[1 1 0 0 0 0 0 1 1 1]
[1 1 0 0 0 0 1 1 1 0]
[1 1 0 0 0 1 1 0 0 1]
[1 0 0 0 1 0 0 1 1 1]
[0 1 0 1 1 0 0 1 1 0]
[0 0 1 1 0 1 1 0 0 1]
[0 0 1 1 0 1 1 0 0 1]
[0 0 1 0 1 1 0 1 1 0]"
ICxvExyl_,"[0 1 1 1 1 1 0 0 0 0]
[1 0 1 1 0 0 1 1 0 0]
[1 1 0 0 1 0 1 0 1 0]
[1 1 0 0 1 0 0 0 1 1]
[1 0 1 1 0 0 0 1 0 1]
[1 0 0 0 0 0 1 1 1 1]
[0 1 1 0 0 1 0 1 1 0]
[0 1 0 0 1 1 1 0 0 1]
[0 0 1 1 0 1 1 0 0 1]
[0 0 0 1 1 1 0 1 1 0]"
ICxvBzYl_,"[0 1 1 1 1 1 0 0 0 0]
[1 0 1 1 0 0 1 1 0 0]
[1 1 0 0 1 0 1 0 1 0]
[1 1 0 0 1 0 0 0 1 1]
[1 0 1 1 0 1 0 0 0 1]
[1 0 0 0 1 0 1 1 0 1]
[0 1 1 0 0 1 0 1 1 0]
[0 1 0 0 0 1 1 0 1 1]
[0 0 1 1 0 0 1 1 0 1]
[0 0 0 1 1 1 0 1 1 0]"
IEhf`~kv?,"[0 1 1 1 1 1 0 0 0 0]
[1 0 1 1 0 0 1 1 0 0]
[1 1 0 0 0 0 1 0 1 1]
[1 1 0 0 1 0 0 1 1 0]
[1 0 0 1 0 1 1 1 0 0]
[1 0 0 0 1 0 1 0 1 1]
[0 1 1 0 1 1 0 0 0 1]
[0 1 0 1 1 0 0 0 1 1]
[0 0 1 1 0 1 0 1 0 1]
[0 0 1 0 0 1 1 1 1 0]"
IEhernkn?,"[0 1 1 1 1 1 0 0 0 0]
[1 0 1 1 0 0 1 1 0 0]
[1 1 0 0 0 0 1 0 1 1]
[1 1 0 0 1 0 1 1 0 0]
[1 0 0 1 0 1 0 1 1 0]
[1 0 0 0 1 0 0 1 1 1]
[0 1 1 1 0 0 0 0 1 1]
[0 1 0 1 1 1 0 0 0 1]
[0 0 1 0 1 1 1 0 0 1]
[0 0 1 0 0 1 1 1 1 0]"
IEhbunkn?,"[0 1 1 1 1 1 0 0 0 0]
[1 0 1 1 0 0 1 1 0 0]
[1 1 0 0 0 0 1 0 1 1]
[1 1 0 0 1 0 0 1 1 0]
[1 0 0 1 0 1 0 1 1 0]
[1 0 0 0 1 0 1 1 0 1]
[0 1 1 0 0 1 0 0 1 1]
[0 1 0 1 1 1 0 0 0 1]
[0 0 1 1 1 0 1 0 0 1]
[0 0 1 0 0 1 1 1 1 0]"
IEjdjrM]O,"[0 1 1 1 1 1 0 0 0 0]
[1 0 1 1 1 0 1 0 0 0]
[1 1 0 1 0 1 0 1 0 0]
[1 1 1 0 0 0 1 1 0 0]
[1 1 0 0 0 0 0 1 1 1]
[1 0 1 0 0 0 1 0 1 1]
[0 1 0 1 0 1 0 0 1 1]
[0 0 1 1 1 0 0 0 1 1]
[0 0 0 0 1 1 1 1 0 1]
[0 0 0 0 1 1 1 1 1 0]"
IEhvFT]n?,"[0 1 1 1 1 1 0 0 0 0]
[1 0 1 1 1 0 1 0 0 0]
[1 1 0 0 0 0 1 1 1 0]
[1 1 0 0 0 1 0 1 0 1]
[1 1 0 0 0 1 0 0 1 1]
[1 0 0 1 1 0 1 0 0 1]
[0 1 1 0 0 1 0 1 1 0]
[0 0 1 1 0 0 1 0 1 1]
[0 0 1 0 1 0 1 1 0 1]
[0 0 0 1 1 1 0 1 1 0]"
IEhvEtmn?,"[0 1 1 1 1 1 0 0 0 0]
[1 0 1 1 0 0 1 1 0 0]
[1 1 0 0 0 0 1 1 1 0]
[1 1 0 0 1 0 1 0 0 1]
[1 0 0 1 0 1 0 1 0 1]
[1 0 0 0 1 0 0 1 1 1]
[0 1 1 1 0 0 0 0 1 1]
[0 1 1 0 1 1 0 0 1 0]
[0 0 1 0 0 1 1 1 0 1]
[0 0 0 1 1 1 1 0 1 0]"
IEhvBvMn?,"[0 1 1 1 1 1 0 0 0 0]
[1 0 1 1 0 0 1 1 0 0]
[1 1 0 0 0 0 1 0 1 1]
[1 1 0 0 1 0 0 1 1 0]
[1 0 0 1 0 1 1 0 1 0]
[1 0 0 0 1 0 1 1 0 1]
[0 1 1 0 1 1 0 0 0 1]
[0 1 0 1 0 1 0 0 1 1]
[0 0 1 1 1 0 0 1 0 1]
[0 0 1 0 0 1 1 1 1 0]"
IEhuVquZ_,"[0 1 1 1 1 1 0 0 0 0]
[1 0 1 1 0 0 1 1 0 0]
[1 1 0 0 1 0 1 0 1 0]
[1 1 0 0 0 0 0 1 1 1]
[1 0 1 0 0 1 0 0 1 1]
[1 0 0 0 1 0 1 1 0 1]
[0 1 1 0 0 1 0 1 1 0]
[0 1 0 1 0 1 1 0 0 1]
[0 0 1 1 1 0 1 0 0 1]
[0 0 0 1 1 1 0 1 1 0]"
IEhuTzqZ_,"[0 1 1 1 1 1 0 0 0 0]
[1 0 1 1 0 0 1 1 0 0]
[1 1 0 0 1 0 1 0 1 0]
[1 1 0 0 1 0 0 1 0 1]
[1 0 1 1 0 0 0 0 1 1]
[1 0 0 0 0 0 1 1 1 1]
[0 1 1 0 0 1 0 1 1 0]
[0 1 0 1 0 1 1 0 0 1]
[0 0 1 0 1 1 1 0 0 1]
[0 0 0 1 1 1 0 1 1 0]"
IEhuRzqj_,"[0 1 1 1 1 1 0 0 0 0]
[1 0 1 1 0 0 1 1 0 0]
[1 1 0 0 1 0 1 1 0 0]
[1 1 0 0 1 0 0 0 1 1]
[1 0 1 1 0 0 0 0 1 1]
[1 0 0 0 0 0 1 1 1 1]
[0 1 1 0 0 1 0 1 1 0]
[0 1 1 0 0 1 1 0 0 1]
[0 0 0 1 1 1 1 0 0 1]
[0 0 0 1 1 1 0 1 1 0]"
IQhVe]{^?,"[0 1 1 1 1 1 0 0 0 0]
[1 0 1 1 0 0 1 1 0 0]
[1 1 0 0 1 0 1 0 1 0]
[1 1 0 0 0 1 0 1 0 1]
[1 0 1 0 0 0 1 0 1 1]
[1 0 0 1 0 0 0 1 1 1]
[0 1 1 0 1 0 0 0 1 1]
[0 1 0 1 0 1 0 0 1 1]
[0 0 1 0 1 1 1 1 0 0]
[0 0 0 1 1 1 1 1 0 0]"
IQjRfqmV_,"[0 1 1 1 1 1 0 0 0 0]
[1 0 1 0 0 0 1 1 1 0]
[1 1 0 0 0 0 1 1 1 0]
[1 0 0 0 1 1 1 0 0 1]
[1 0 0 1 0 1 0 1 0 1]
[1 0 0 1 1 0 0 0 1 1]
[0 1 1 1 0 0 0 0 1 1]
[0 1 1 0 1 0 0 0 1 1]
[0 1 1 0 0 1 1 1 0 0]
[0 0 0 1 1 1 1 1 0 0]"
IQjRbzMm_,"[0 1 1 1 1 1 0 0 0 0]
[1 0 1 1 0 0 1 1 0 0]
[1 1 0 1 0 0 1 0 1 0]
[1 1 1 0 0 0 0 0 1 1]
[1 0 0 0 0 1 0 1 1 1]
[1 0 0 0 1 0 1 1 0 1]
[0 1 1 0 0 1 0 1 1 0]
[0 1 0 0 1 1 1 0 0 1]
[0 0 1 1 1 0 1 0 0 1]
[0 0 0 1 1 1 0 1 1 0]"
IQjRe\yn?,"[0 1 1 1 1 1 0 0 0 0]
[1 0 1 1 1 0 1 0 0 0]
[1 1 0 0 0 1 0 1 1 0]
[1 1 0 0 1 0 1 0 0 1]
[1 1 0 1 0 0 0 1 0 1]
[1 0 1 0 0 0 1 1 1 0]
[0 1 0 1 0 1 0 0 1 1]
[0 0 1 0 1 1 0 0 1 1]
[0 0 1 0 0 1 1 1 0 1]
[0 0 0 1 1 0 1 1 1 0]"
IQjRd^[]_,"[0 1 1 1 1 1 0 0 0 0]
[1 0 1 1 1 0 1 0 0 0]
[1 1 0 0 0 1 1 1 0 0]
[1 1 0 0 1 0 0 0 1 1]
[1 1 0 1 0 0 0 0 1 1]
[1 0 1 0 0 0 1 1 1 0]
[0 1 1 0 0 1 0 1 0 1]
[0 0 1 0 0 1 1 0 1 1]
[0 0 0 1 1 1 0 1 0 1]
[0 0 0 1 1 0 1 1 1 0]"
IQjVRiyVO,"[0 1 1 1 1 1 0 0 0 0]
[1 0 1 1 1 0 1 0 0 0]
[1 1 0 1 1 0 0 1 0 0]
[1 1 1 0 1 0 0 0 1 0]
[1 1 1 1 0 0 0 0 0 1]
[1 0 0 0 0 0 1 1 1 1]
[0 1 0 0 0 1 0 1 1 1]
[0 0 1 0 0 1 1 0 1 1]
[0 0 0 1 0 1 1 1 0 1]
[0 0 0 0 1 1 1 1 1 0]"
IQjVJqyVO,"[0 1 1 1 1 1 0 0 0 0]
[1 0 1 1 0 0 1 1 0 0]
[1 1 0 1 1 0 1 0 0 0]
[1 1 1 0 0 0 1 0 1 0]
[1 0 1 0 0 1 0 0 1 1]
[1 0 0 0 1 0 0 1 1 1]
[0 1 1 1 0 0 0 1 0 1]
[0 1 0 0 0 1 1 0 1 1]
[0 0 0 1 1 1 0 1 0 1]
[0 0 0 0 1 1 1 1 1 0]"
IQjUjp{io,"[0 1 1 1 1 1 0 0 0 0]
[1 0 1 1 0 0 1 1 0 0]
[1 1 0 1 0 0 1 0 1 0]
[1 1 1 0 0 0 1 0 1 0]
[1 0 0 0 0 1 0 1 1 1]
[1 0 0 0 1 0 0 1 1 1]
[0 1 1 1 0 0 0 1 0 1]
[0 1 0 0 1 1 1 0 0 1]
[0 0 1 1 1 1 0 0 0 1]
[0 0 0 0 1 1 1 1 1 0]"
IQjUjqm]O,"[0 1 1 1 1 1 0 0 0 0]
[1 0 1 1 1 1 0 0 0 0]
[1 1 0 1 0 0 1 1 0 0]
[1 1 1 0 0 0 1 1 0 0]
[1 1 0 0 0 1 0 0 1 1]
[1 1 0 0 1 0 0 0 1 1]
[0 0 1 1 0 0 0 1 1 1]
[0 0 1 1 0 0 1 0 1 1]
[0 0 0 0 1 1 1 1 0 1]
[0 0 0 0 1 1 1 1 1 0]"
I?~vfzy|_,"[0 1 1 1 1 1 1 0 0 0]
[1 0 1 1 1 1 0 1 0 0]
[1 1 0 0 0 0 1 1 1 1]
[1 1 0 0 0 0 1 1 1 1]
[1 1 0 0 0 0 1 1 1 1]
[1 1 0 0 0 0 1 1 1 1]
[1 0 1 1 1 1 0 0 1 0]
[0 1 1 1 1 1 0 0 0 1]
[0 0 1 1 1 1 1 0 0 1]
[0 0 1 1 1 1 0 1 1 0]"
I?~vvjy|O,"[0 1 1 1 1 1 1 0 0 0]
[1 0 1 1 1 1 1 0 0 0]
[1 1 0 1 1 1 1 0 0 0]
[1 1 1 0 0 0 0 1 1 1]
[1 1 1 0 0 0 0 1 1 1]
[1 1 1 0 0 0 0 1 1 1]
[1 1 1 0 0 0 0 1 1 1]
[0 0 0 1 1 1 1 0 1 1]
[0 0 0 1 1 1 1 1 0 1]
[0 0 0 1 1 1 1 1 1 0]"
ICZ~vr{{o,"[0 1 1 1 1 1 1 0 0 0]
[1 0 1 1 1 1 1 0 0 0]
[1 1 0 1 1 0 0 1 1 0]
[1 1 1 0 0 0 0 1 1 1]
[1 1 1 0 0 0 0 1 1 1]
[1 1 0 0 0 0 1 1 1 1]
[1 1 0 0 0 1 0 1 1 1]
[0 0 1 1 1 1 1 0 0 1]
[0 0 1 1 1 1 1 0 0 1]
[0 0 0 1 1 1 1 1 1 0]"
ICzvfzy^_,"[0 1 1 1 1 1 1 0 0 0]
[1 0 1 1 1 1 0 1 0 0]
[1 1 0 1 0 0 1 0 1 1]
[1 1 1 0 0 0 0 1 1 1]
[1 1 0 0 0 0 1 1 1 1]
[1 1 0 0 0 0 1 1 1 1]
[1 0 1 0 1 1 0 1 1 0]
[0 1 0 1 1 1 1 0 0 1]
[0 0 1 1 1 1 1 0 0 1]
[0 0 1 1 1 1 0 1 1 0]"
ICzvvr{\o,"[0 1 1 1 1 1 1 0 0 0]
[1 0 1 1 1 1 0 1 0 0]
[1 1 0 1 0 0 1 0 1 1]
[1 1 1 0 0 0 0 1 1 1]
[1 1 0 0 0 0 1 1 1 1]
[1 1 0 0 0 0 1 1 1 1]
[1 0 1 0 1 1 0 0 1 1]
[0 1 0 1 1 1 0 0 1 1]
[0 0 1 1 1 1 1 1 0 0]
[0 0 1 1 1 1 1 1 0 0]"
ICzvnr{]o,"[0 1 1 1 1 1 1 0 0 0]
[1 0 1 1 1 1 0 1 0 0]
[1 1 0 1 0 0 1 1 1 0]
[1 1 1 0 0 0 0 1 1 1]
[1 1 0 0 0 0 1 1 1 1]
[1 1 0 0 0 0 1 1 1 1]
[1 0 1 0 1 1 0 0 1 1]
[0 1 1 1 1 1 0 0 0 1]
[0 0 1 1 1 1 1 0 0 1]
[0 0 0 1 1 1 1 1 1 0]"
ICzvnrx^_,"[0 1 1 1 1 1 1 0 0 0]
[1 0 1 1 1 1 1 0 0 0]
[1 1 0 1 1 1 0 1 0 0]
[1 1 1 0 0 0 1 0 1 1]
[1 1 1 0 0 0 0 1 1 1]
[1 1 1 0 0 0 0 1 1 1]
[1 1 0 1 0 0 0 1 1 1]
[0 0 1 0 1 1 1 0 1 1]
[0 0 0 1 1 1 1 1 0 1]
[0 0 0 1 1 1 1 1 1 0]"
IEjvVzy^_,"[0 1 1 1 1 1 1 0 0 0]
[1 0 1 1 1 1 0 1 0 0]
[1 1 0 1 1 0 0 1 1 0]
[1 1 1 0 0 0 1 0 1 1]
[1 1 1 0 0 0 0 1 1 1]
[1 1 0 0 0 0 1 1 1 1]
[1 0 0 1 0 1 0 1 1 1]
[0 1 1 0 1 1 1 0 0 1]
[0 0 1 1 1 1 1 0 0 1]
[0 0 0 1 1 1 1 1 1 0]"
IEjv^r{]o,"[0 1 1 1 1 1 1 0 0 0]
[1 0 1 1 1 1 0 1 0 0]
[1 1 0 1 1 0 0 0 1 1]
[1 1 1 0 0 0 1 1 1 0]
[1 1 1 0 0 0 0 1 1 1]
[1 1 0 0 0 0 1 1 1 1]
[1 0 0 1 0 1 0 1 1 1]
[0 1 0 1 1 1 1 0 0 1]
[0 0 1 1 1 1 1 0 0 1]
[0 0 1 0 1 1 1 1 1 0]"
IEjv^rx^_,"[0 1 1 1 1 1 1 0 0 0]
[1 0 1 1 1 1 1 0 0 0]
[1 1 0 1 1 0 0 1 1 0]
[1 1 1 0 0 1 0 1 0 1]
[1 1 1 0 0 0 0 1 1 1]
[1 1 0 1 0 0 1 0 1 1]
[1 1 0 0 0 1 0 1 1 1]
[0 0 1 1 1 0 1 0 1 1]
[0 0 1 0 1 1 1 1 0 1]
[0 0 0 1 1 1 1 1 1 0]"
IEnff^{^_,"[0 1 1 1 1 1 1 0 0 0]
[1 0 1 1 1 0 0 1 1 0]
[1 1 0 0 0 1 1 1 0 1]
[1 1 0 0 0 1 0 1 1 1]
[1 1 0 0 0 0 1 1 1 1]
[1 0 1 1 0 0 1 1 1 0]
[1 0 1 0 1 1 0 0 1 1]
[0 1 1 1 1 1 0 0 0 1]
[0 1 0 1 1 1 1 0 0 1]
[0 0 1 1 1 0 1 1 1 0]"
IEnfvjm^O,"[0 1 1 1 1 1 1 0 0 0]
[1 0 1 1 1 1 0 1 0 0]
[1 1 0 1 1 0 1 0 1 0]
[1 1 1 0 0 0 1 1 0 1]
[1 1 1 0 0 0 0 1 1 1]
[1 1 0 0 0 0 1 1 1 1]
[1 0 1 1 0 1 0 0 1 1]
[0 1 0 1 1 1 0 0 1 1]
[0 0 1 0 1 1 1 1 0 1]
[0 0 0 1 1 1 1 1 1 0]"
IEnfnZ{]o,"[0 1 1 1 1 1 1 0 0 0]
[1 0 1 1 1 0 0 1 1 0]
[1 1 0 0 0 1 1 1 1 0]
[1 1 0 0 0 1 0 1 1 1]
[1 1 0 0 0 0 1 1 1 1]
[1 0 1 1 0 0 1 1 0 1]
[1 0 1 0 1 1 0 0 1 1]
[0 1 1 1 1 1 0 0 0 1]
[0 1 1 1 1 0 1 0 0 1]
[0 0 0 1 1 1 1 1 1 0]"
IEnb~jyzO,"[0 1 1 1 1 1 1 0 0 0]
[1 0 1 1 1 1 0 1 0 0]
[1 1 0 1 1 0 1 0 1 0]
[1 1 1 0 0 1 1 0 0 1]
[1 1 1 0 0 0 0 1 1 1]
[1 1 0 1 0 0 0 1 1 1]
[1 0 1 1 0 0 0 1 1 1]
[0 1 0 0 1 1 1 0 1 1]
[0 0 1 0 1 1 1 1 0 1]
[0 0 0 1 1 1 1 1 1 0]"
IQju~p}}O,"[0 1 1 1 1 1 1 0 0 0]
[1 0 1 1 1 1 1 0 0 0]
[1 1 0 1 0 0 0 1 1 1]
[1 1 1 0 0 0 0 1 1 1]
[1 1 0 0 0 1 1 1 1 0]
[1 1 0 0 1 0 1 1 0 1]
[1 1 0 0 1 1 0 0 1 1]
[0 0 1 1 1 1 0 0 1 1]
[0 0 1 1 1 0 1 1 0 1]
[0 0 1 1 0 1 1 1 1 0]"
IQzVvi}^O,"[0 1 1 1 1 1 1 0 0 0]
[1 0 1 1 1 1 0 1 0 0]
[1 1 0 1 1 0 1 0 1 0]
[1 1 1 0 1 0 0 1 0 1]
[1 1 1 1 0 0 0 0 1 1]
[1 1 0 0 0 0 1 1 1 1]
[1 0 1 0 0 1 0 1 1 1]
[0 1 0 1 0 1 1 0 1 1]
[0 0 1 0 1 1 1 1 0 1]
[0 0 0 1 1 1 1 1 1 0]"
IQzVvh}nO,"[0 1 1 1 1 1 1 0 0 0]
[1 0 1 1 1 1 0 1 0 0]
[1 1 0 1 1 0 1 0 1 0]
[1 1 1 0 0 0 1 0 1 1]
[1 1 1 0 0 1 0 1 0 1]
[1 1 0 0 1 0 0 1 1 1]
[1 0 1 1 0 0 0 1 1 1]
[0 1 0 0 1 1 1 0 1 1]
[0 0 1 1 0 1 1 1 0 1]
[0 0 0 1 1 1 1 1 1 0]"
IQzVtzu^O,"[0 1 1 1 1 1 1 0 0 0]
[1 0 1 1 1 1 0 1 0 0]
[1 1 0 1 0 0 1 1 1 0]
[1 1 1 0 0 0 1 0 1 1]
[1 1 0 0 0 1 1 1 0 1]
[1 1 0 0 1 0 0 1 1 1]
[1 0 1 1 1 0 0 0 1 1]
[0 1 1 0 1 1 0 0 1 1]
[0 0 1 1 0 1 1 1 0 1]
[0 0 0 1 1 1 1 1 1 0]"
IQyve|}~?,"[0 1 1 1 1 1 1 0 0 0]
[1 0 1 1 1 0 0 1 1 0]
[1 1 0 1 0 1 0 1 0 1]
[1 1 1 0 0 1 0 0 1 1]
[1 1 0 0 0 0 1 1 1 1]
[1 0 1 1 0 0 1 1 1 0]
[1 0 0 0 1 1 0 1 1 1]
[0 1 1 0 1 1 1 0 0 1]
[0 1 0 1 1 1 1 0 0 1]
[0 0 1 1 1 0 1 1 1 0]"
IQyvux||_,"[0 1 1 1 1 1 1 0 0 0]
[1 0 1 1 1 1 0 1 0 0]
[1 1 0 1 0 0 1 0 1 1]
[1 1 1 0 0 0 0 1 1 1]
[1 1 0 0 0 1 1 1 1 0]
[1 1 0 0 1 0 1 1 0 1]
[1 0 1 0 1 1 0 0 1 1]
[0 1 0 1 1 1 0 0 1 1]
[0 0 1 1 1 0 1 1 0 1]
[0 0 1 1 0 1 1 1 1 0]"
IUZurzmmo,"[0 1 1 1 1 1 1 0 0 0]
[1 0 1 1 1 0 0 1 1 0]
[1 1 0 1 0 1 0 1 0 1]
[1 1 1 0 0 0 1 0 1 1]
[1 1 0 0 0 1 1 1 1 0]
[1 0 1 0 1 0 1 1 0 1]
[1 0 0 1 1 1 0 0 1 1]
[0 1 1 0 1 1 0 0 1 1]
[0 1 0 1 1 0 1 1 0 1]
[0 0 1 1 0 1 1 1 1 0]"
IFzf~z}~O,"[0 1 1 1 1 1 1 1 0 0]
[1 0 1 1 1 1 1 1 0 0]
[1 1 0 1 1 1 0 0 1 1]
[1 1 1 0 0 0 1 1 1 1]
[1 1 1 0 0 0 1 1 1 1]
[1 1 1 0 0 0 1 1 1 1]
[1 1 0 1 1 1 0 0 1 1]
[1 1 0 1 1 1 0 0 1 1]
[0 0 1 1 1 1 1 1 0 1]
[0 0 1 1 1 1 1 1 1 0]"
IQ~vvz}|o,"[0 1 1 1 1 1 1 1 0 0]
[1 0 1 1 1 1 1 0 1 0]
[1 1 0 1 1 1 1 0 0 1]
[1 1 1 0 1 0 0 1 1 1]
[1 1 1 1 0 0 0 1 1 1]
[1 1 1 0 0 0 1 1 1 1]
[1 1 1 0 0 1 0 1 1 1]
[1 0 0 1 1 1 1 0 1 1]
[0 1 0 1 1 1 1 1 0 1]
[0 0 1 1 1 1 1 1 1 0]"
IUZ~vz}}o,"[0 1 1 1 1 1 1 1 0 0]
[1 0 1 1 1 1 1 0 1 0]
[1 1 0 1 1 0 0 1 1 1]
[1 1 1 0 0 1 0 1 1 1]
[1 1 1 0 0 0 1 1 1 1]
[1 1 0 1 0 0 1 1 1 1]
[1 1 0 0 1 1 0 1 1 1]
[1 0 1 1 1 1 1 0 0 1]
[0 1 1 1 1 1 1 0 0 1]
[0 0 1 1 1 1 1 1 1 0]"
IUzrv~}~_,"[0 1 1 1 1 1 1 1 0 0]
[1 0 1 1 1 1 0 0 1 1]
[1 1 0 1 1 0 1 0 1 1]
[1 1 1 0 0 1 0 1 1 1]
[1 1 1 0 0 0 1 1 1 1]
[1 1 0 1 0 0 1 1 1 1]
[1 0 1 0 1 1 0 1 1 1]
[1 0 0 1 1 1 1 0 1 1]
[0 1 1 1 1 1 1 1 0 0]
[0 1 1 1 1 1 1 1 0 0]"
IUzvvz}^o,"[0 1 1 1 1 1 1 1 0 0]
[1 0 1 1 1 1 1 0 1 0]
[1 1 0 1 1 1 0 0 1 1]
[1 1 1 0 1 0 1 1 0 1]
[1 1 1 1 0 0 0 1 1 1]
[1 1 1 0 0 0 1 1 1 1]
[1 1 0 1 0 1 0 1 1 1]
[1 0 0 1 1 1 1 0 1 1]
[0 1 1 0 1 1 1 1 0 1]
[0 0 1 1 1 1 1 1 1 0]"
I]~v~z~~o,"[0 1 1 1 1 1 1 1 1 0]
[1 0 1 1 1 1 1 1 0 1]
[1 1 0 1 1 1 1 0 1 1]
[1 1 1 0 1 1 0 1 1 1]
[1 1 1 1 0 0 1 1 1 1]
[1 1 1 1 0 0 1 1 1 1]
[1 1 1 0 1 1 0 1 1 1]
[1 1 0 1 1 1 1 0 1 1]
[1 0 1 1 1 1 1 1 0 1]
[0 1 1 1 1 1 1 1 1 0]"
I~~~~~~~w,"[0 1 1 1 1 1 1 1 1 1]
[1 0 1 1 1 1 1 1 1 1]
[1 1 0 1 1 1 1 1 1 1]
[1 1 1 0 1 1 1 1 1 1]
[1 1 1 1 0 1 1 1 1 1]
[1 1 1 1 1 0 1 1 1 1]
[1 1 1 1 1 1 0 1 1 1]
[1 1 1 1 1 1 1 0 1 1]
[1 1 1 1 1 1 1 1 0 1]
[1 1 1 1 1 1 1 1 1 0]"
